timestamp,source,log_message,target_label
2025-06-27 07:20:25,ModernCRM,"nova.osapi_compute.wsgi.server [req-b9718cd8-f65e-49cc-8349-6cf7122af137 113d3a99c3da401fbd62cc2caa5b96d2 54fadb412c4e40cdbaed9335e4c35a9e - - -] 10.11.10.1 ""GET /v2/54fadb412c4e40cdbaed9335e4c35a9e/servers/detail HTTP/1.1"" status: 200 len: 1893 time: 0.2675118",HTTP Status
1/14/2025 23:07,ModernCRM,Email service experiencing issues with sending,Critical Error
1/17/2025 1:29,AnalyticsEngine,Unauthorized access to data was attempted,Security Alert
2025-07-12 00:24:16,ModernHR,"nova.osapi_compute.wsgi.server [req-4895c258-b2f8-488f-a2a3-4fae63982e48 113d3a99c3da401fbd62cc2caa5b96d2 54fadb412c4e40cdbaed9335e4c35a9e - - -] 10.11.10.1 ""GET /v2/54fadb412c4e40cdbaed9335e4c35a9e/servers/detail HTTP/1.1"" HTTP status code -  200 len: 211 time: 0.0968180",HTTP Status
2025-06-02 18:25:23,BillingSystem,"nova.osapi_compute.wsgi.server [req-ee8bc8ba-9265-4280-9215-dbe000a41209 113d3a99c3da401fbd62cc2caa5b96d2 54fadb412c4e40cdbaed9335e4c35a9e - - -] 10.11.10.1 ""GET /v2/54fadb412c4e40cdbaed9335e4c35a9e/servers/detail HTTP/1.1"" RCODE  200 len: 1874 time: 0.2280791",HTTP Status
2025-10-09 10:30:31,ModernHR,"nova.osapi_compute.wsgi.server [req-f0bffbc3-5ab0-4916-91c1-0a61dd7d4ec2 113d3a99c3da401fbd62cc2caa5b96d2 54fadb412c4e40cdbaed9335e4c35a9e - - -] 10.11.10.1 ""GET /v2/54fadb412c4e40cdbaed9335e4c35a9e/servers/detail HTTP/1.1"" Return code: 200 len: 1874 time: 0.2131531",HTTP Status
3/1/2025 19:14,ModernHR,Shard 6 replication task ended in failure,Error
10/11/2025 8:44,ModernHR,File data_6169.csv uploaded successfully by user User953.,System Notification
2025-02-12 10:42:29,ThirdPartyAPI,"nova.compute.claims [req-a07ac654-8e81-416d-bfbb-189116b07969 113d3a99c3da401fbd62cc2caa5b96d2 54fadb412c4e40cdbaed9335e4c35a9e - - -] [instance: bf8c824d-f099-4433-a41e-e3da7578262e] Total memory: 64172 MB, used: 512.00 MB",Resource Usage
2025-03-30 04:01:45,ModernHR,"nova.osapi_compute.wsgi.server [req-2bf7cfee-a236-42f3-8fb1-96fefab0b302 113d3a99c3da401fbd62cc2caa5b96d2 54fadb412c4e40cdbaed9335e4c35a9e - - -] 10.11.10.1 ""GET /v2/54fadb412c4e40cdbaed9335e4c35a9e/servers/detail HTTP/1.1"" RCODE  200 len: 1874 time: 0.1794369",HTTP Status
8/9/2025 18:58,ModernCRM,Email server encountered a sending fault,Error
6/15/2025 11:44,ModernHR,Critical system unit error: unit ID Component55,Critical Error
2025-07-12 03:03:18,ModernHR,"nova.osapi_compute.wsgi.server [req-d4f8d0c2-4f21-4b38-9f85-d82f8da75c23 113d3a99c3da401fbd62cc2caa5b96d2 54fadb412c4e40cdbaed9335e4c35a9e - - -] 10.11.10.1 ""GET /v2/54fadb412c4e40cdbaed9335e4c35a9e/servers/detail HTTP/1.1"" status: 200 len: 1893 time: 0.2663860",HTTP Status
8/4/2025 19:57,ThirdPartyAPI,Multiple bad login attempts detected on user 8538 account,Security Alert
1/4/2025 1:43,ThirdPartyAPI,File data_3847.csv uploaded successfully by user User175.,System Notification
5/1/2025 9:41,ModernCRM,Backup completed successfully.,System Notification
2025-11-15 14:48:30,BillingSystem,"nova.osapi_compute.wsgi.server [req-6fe0e366-f20b-454e-ade1-771deb7a911f 113d3a99c3da401fbd62cc2caa5b96d2 54fadb412c4e40cdbaed9335e4c35a9e - - -] 10.11.10.1 ""GET /v2/54fadb412c4e40cdbaed9335e4c35a9e/servers/detail HTTP/1.1"" Status code -  200 len: 1893 time: 0.2608259",HTTP Status
2025-01-27 12:39:05,ModernCRM,"nova.osapi_compute.wsgi.server [req-5f1c2027-e1b0-43f1-b6d3-694f483a69be 113d3a99c3da401fbd62cc2caa5b96d2 54fadb412c4e40cdbaed9335e4c35a9e - - -] 10.11.10.1 ""GET /v2/54fadb412c4e40cdbaed9335e4c35a9e/servers/detail HTTP/1.1"" RCODE  200 len: 1893 time: 0.2732208",HTTP Status
2/22/2025 17:49,ModernCRM,Account with ID 5351 created by User634.,User Action
2025-07-10 01:17:59,BillingSystem,"nova.osapi_compute.wsgi.server [req-945d1f31-a2e5-496a-a1da-21a0c88b6b61 113d3a99c3da401fbd62cc2caa5b96d2 54fadb412c4e40cdbaed9335e4c35a9e - - -] 10.11.10.1 ""GET /v2/54fadb412c4e40cdbaed9335e4c35a9e/servers/detail HTTP/1.1"" HTTP status code -  200 len: 1893 time: 0.2775040",HTTP Status
2025-12-27 12:52:25,ThirdPartyAPI,"nova.osapi_compute.wsgi.server [req-033d97b9-69e4-4acd-9029-f0d7b9370645 f7b8d1f1d4d44643b07fa10ca7d021fb e9746973ac574c6b8a9e8857f56a7608 - - -] 10.11.10.1 ""POST /v2/e9746973ac574c6b8a9e8857f56a7608/os-server-external-events HTTP/1.1"" status: 404 len: 296 time: 0.0847020",HTTP Status
2025-03-01 19:16:10,ModernCRM,"nova.osapi_compute.wsgi.server [req-75bc6269-8527-4b6a-8925-67611b9e00d9 113d3a99c3da401fbd62cc2caa5b96d2 54fadb412c4e40cdbaed9335e4c35a9e - - -] 10.11.10.1 ""GET /v2/54fadb412c4e40cdbaed9335e4c35a9e/servers/detail HTTP/1.1"" status: 200 len: 1916 time: 0.2785730",HTTP Status
2025-08-28 03:54:33,ThirdPartyAPI,nova.compute.resource_tracker [req-addc1839-2ed5-4778-b57e-5854eb7b8b09 - - - - -] Final resource view: name=cp-1.slowvm1.tcloud-pg0.utah.cloudlab.us phys_ram=64172MB used_ram=512MB phys_disk=15GB used_disk=0GB total_vcpus=16 used_vcpus=0 pci_stats=[],Resource Usage
2025-09-01 18:46:38,ModernHR,"nova.osapi_compute.wsgi.server [req-077c3c87-b7ff-46f8-8320-8fed200a0b94 113d3a99c3da401fbd62cc2caa5b96d2 54fadb412c4e40cdbaed9335e4c35a9e - - -] 10.11.10.1 ""GET /v2/54fadb412c4e40cdbaed9335e4c35a9e/servers/detail HTTP/1.1"" Status code -  200 len: 1893 time: 0.2517929",HTTP Status
2025-12-16 23:18:28,ModernCRM,"nova.osapi_compute.wsgi.server [req-4e83daf7-a24c-4ab4-96ff-1da5848255ad 113d3a99c3da401fbd62cc2caa5b96d2 54fadb412c4e40cdbaed9335e4c35a9e - - -] 10.11.10.1 ""GET /v2/54fadb412c4e40cdbaed9335e4c35a9e/servers/detail HTTP/1.1"" RCODE  200 len: 1583 time: 0.1878400",HTTP Status
2025-02-15 09:00:40,AnalyticsEngine,"nova.osapi_compute.wsgi.server [req-bfce366e-9868-4f52-b245-271e9b3455ca 113d3a99c3da401fbd62cc2caa5b96d2 54fadb412c4e40cdbaed9335e4c35a9e - - -] 10.11.10.1 ""GET /v2/54fadb412c4e40cdbaed9335e4c35a9e/servers/detail HTTP/1.1"" status: 200 len: 1583 time: 0.1962459",HTTP Status
2025-03-03 17:11:11,ModernCRM,"nova.compute.claims [req-d6986b54-3735-4a42-9074-0ba7d9717de9 113d3a99c3da401fbd62cc2caa5b96d2 54fadb412c4e40cdbaed9335e4c35a9e - - -] [instance: af5f7392-f7d4-4298-b647-c98924c64aa1] memory limit: 96258.00 MB, free: 95746.00 MB",Resource Usage
